Date,ID,Content,Likes,politician,party,ideology_num
2021-04-26 18:56:52+00:00,1386756179381080068,"Fuori dal recinto. Intervista a Nicola Fratoianni
#governo #sinistra #Draghi #Pd #M5S #Recovery #diritti 
https://t.co/et6qULNNe5",23,Fratoianni,EV,0
2022-06-07 18:12:55+00:00,1534236978522333186,@UnaDonnaPdR @OGiannino @marattin @matteorenzi Poi per√≤ mi raccomando. Torna a tuonare sui valori inderogabili della democrazia dal tuo account.,1,Calenda,Azione,0
2022-04-27 07:25:05+00:00,1519216045168508930,"Ho chiesto un incontro urgente al ministro Cartabia, bisogna intervenire subito per aiutare e proteggere gli agenti della Penitenziaria.
https://t.co/8dkY9zhd7p",211,Salvini,Lega,3
2021-02-12 08:53:30+00:00,1360150022915051521,"Tutto ci√≤ che Draghi ha detto, dall'europeismo all'atlantismo, dalla scelta di lavorare sugli investimenti e di cambiare approccio sui vaccini, ci ha visto entusiasti sostenitori. L'idea che chi decider√† gli investimenti sia Mario Draghi fa tirare un sospiro di sollievo a tutti",214,Renzi,IV,0
2022-08-23 15:14:29+00:00,1562095941066575872,"Ha ragione la madre di Giovanni, la soldatessa Usa sia processata in Italia.
Se la ministra Cartabia rinunciasse all‚Äôazione penale sarebbe un‚Äôingiustizia. Lo Stato ha il dovere di tutelare i cittadini¬†
#Porcia #soldatessa 

https://t.co/BOHKlrf9sg https://t.co/eLPLjDnAW2",181,Fratoianni,EV,0
2022-04-07 15:47:59+00:00,1512094847850663957,@alba54239901 Alba fai benissimo a sognarlo. E credimi vorrei che lo fosse e mi batter√≤ per renderlo possibile al pi√π presto. Ma il mio lavoro √® questo. Non illudere le persone per prendere tre like,5,Calenda,Azione,0
2022-10-26 19:02:22+00:00,1585346114152120320,Anche il Senato ha votato #fiducia al Governo. Abbiamo presentato in campagna elettorale un programma chiaro e dettagliato. Manterremo gli impegni: il vincolo tra rappresentante e rappresentato √® l‚Äôessenza della democrazia. Subito al lavoro per rispondere alle urgenze dell‚ÄôItalia https://t.co/qwVjskLZ1w,10760,Meloni,FdI,3
2021-05-25 22:04:55+00:00,1397312753115742213,"Ieri l‚ÄôItalia, col verdetto sul processo per le minacce a @robertosaviano @RosCapacchione, ha detto al mondo: ‚Äúle intimidazioni mafiose, a maggior ragione in un‚Äôaula di giustizia, non sono consentite‚Äù. #dimarted√¨",227,Letta,PD,0
2022-09-01 10:49:18+00:00,1565290698043179015,"Choc a Manfredonia, sparatoria terrorizza il luna park: ‚Äú√à stato un incubo‚Äù. 
Le indagini sono in corso ma l‚Äôemergenza sicurezza √® all‚Äôocchio di tutti: occorre intervenire, in tutta Italia, in fretta. Pi√π Forze dell‚ÄôOrdine √® pi√π telecamere, basta volerlo. https://t.co/Qw0HPysx8i",278,Salvini,Lega,3
2021-08-29 14:51:06+00:00,1431992813948968966,"Ecco il simbolo per le suppletive nelle province di Siena e Arezzo. Scelto per privilegiare #allargamento e spirito di #coalizione. E Salvini che annuncia una nuova calata, con visite in ogni comune del collegio? Bene. Come gi√† l‚Äôanno scorso alle regionali in Emilia e Toscana. https://t.co/hMbHQ6gPPP",587,Letta,PD,0
2022-08-07 13:10:57+00:00,1556266648969117696,"Fermare le partenze dei barconi, in accordo con le autorit√† nordafricane, √® l‚Äôunica strada per ripristinare il rispetto delle regole e fermare le morti in mare. 
Siamo pronti a difendere i confini dell‚ÄôItalia e dell‚ÄôEuropa. https://t.co/S8AyEyRIpZ",1147,Meloni,FdI,3
2022-04-27 16:39:03+00:00,1519355454949896192,Il #cognome del padre non √® pi√π automatico. Sar√† frutto di una scelta. Una decisione storica di #parit√†. L‚ÄôItalia √® pi√π giusta.,4908,Letta,PD,0
2021-09-20 12:01:29+00:00,1439922659719004167,E completiamo il decreto sulle delocalizzazioni preparato dal Ministro @AndreaOrlandosp e dalla viceministra @Ale_ToddeM5S,585,Conte,M5S,0
2021-04-17 17:57:48+00:00,1383479825847910402,"Palermo, ci rivediamo presto.
A testa alta. #primalitalia üáÆüáπ https://t.co/b4qY3IgT44",721,Salvini,Lega,3
2021-03-01 19:50:43+00:00,1366476010917666817,In #Congo bisogna agire con una presenza militare e diplomatica coordinata anche con gli Usa. Dobbiamo arginare gli interessi della Cina che mirano a sfruttare le risorse del continente africano. Facciamo in modo che la morte di Attanasio e Iacovacci non sia stata vana. @EPPGroup,28,Tajani,FI,3
2022-09-02 08:52:47+00:00,1565623763865112576,"La moglie di Clinton: ‚ÄúItaliani, non cedete ai populismi e alle ingerenze esterne‚Äù. Dice dall‚Äôestero‚Ä¶
Si commenta da solaü§£ https://t.co/LSmsOZHjWq",1358,Salvini,Lega,3
2021-10-09 11:50:22+00:00,1446805234861453317,"I 5S a Napoli sono passati dal 60% al 10%. Ma possono fare ancora peggio, certo, possono sparire. Vedo che si stanno impegnando in tal senso e a giudicare dai dati di Milano e di altre citt√† possono riuscirvi agevolmente. Facciano pure, non ci mancheranno.
3/12",128,Renzi,IV,0
2022-08-11 09:00:45+00:00,1557653234671558656,"@paolacecconi Come vuoi. Ma tutti i tuoi ‚ÄúGrazie a Presidente‚Äù rivolti a Draghi sul tuo profilo, vanno d‚Äôaccordo con l‚Äôalleanza con uno che gli ha sempre votato la sfiducia esattamente come la Meloni, o hai deciso semplicemente di ignorare la cosa? Buon viaggio",22,Calenda,Azione,0
2022-08-03 14:39:20+00:00,1554839339233853440,Per una volta sono d‚Äôaccordo con Calenda. https://t.co/8N2JS3zF6h,2034,Conte,M5S,0
2021-01-11 13:11:45+00:00,1348618603743084548,"...rimborsi sui conti correnti a tutte le attivit√† economiche chiuse seguendo l'esempio degli altri Paesi europei, bloccare i 50 milioni di atti fiscali in partenza e attuare la pace fiscale secondo la proposta di Lega e centrodestra. https://t.co/RW7T4QvGRe",286,Salvini,Lega,3
2022-08-12 15:51:12+00:00,1558118914135150594,"Il 25 settembre #IoVotoPi√πEuropa
https://t.co/vCIWyLpzwV",15,Bonino,PEeur,0
2021-05-01 18:01:00+00:00,1388554061172166656,"¬´Ero paralizzata. (...) ci ha salvato mio padre perch√© ha messo a rischio la sua vita per salvare la mia e quella di mia madre¬ª. Le parole Laura, la figlia del gioielliere Mario Roggero. 
√à grazie al coraggio di Mario che la sua famiglia √® in salvo. Difendersi √® sempre legittimo. https://t.co/UvqLqH5eDe",1561,Meloni,FdI,3
2022-07-06 16:32:02+00:00,1544720838674481152,"Il 29 giugno la Corte d‚ÄôAppello di Parigi ha negato l‚Äôestradizione di 10 ex terroristi italiani rifugiati in Francia. Tanti i casi simili nella storia, favoriti dalla ‚Äúdottrina Mitterrand‚Äù.
L‚Äôodg di FDI sancisce un principio imprescindibile: nessuna impunit√† per questi criminali. https://t.co/oNHo22lu9S",282,Meloni,FdI,3
2021-02-11 16:28:05+00:00,1359902034091274244,"Leggere per credere il documento del @MinisteroSalute , pagina 94, codice 10:
https://t.co/60UdqOWkAt
@minsalute",229,Salvini,Lega,3
2022-11-09 20:20:28+00:00,1590439200046067712,"Sin da subito, @forza_italia  sta imprimendo una forte spinta a questo Esecutivo, per proiettare il nostro Paese verso la crescita costante, in grado di portare benessere, futuro e sviluppo infrastrutturale. [2/2]",94,Berlusconi,FI,3
2022-04-13 10:59:02+00:00,1514196458064556040,2018. Questo scrivevo in Orizzonti selvaggi. Era abbastanza chiaro a cosa andavamo incontro. E nella strategia energetica nazionale avevamo previsto contromisure per diminuire la dipendenza dal gas russo. Tutto ci√≤ √® stato smontato dai 5S e dai loro alleati. https://t.co/GAJyRO3hbe,317,Calenda,Azione,0
2021-01-25 14:45:28+00:00,1353715616910352384,"La scomparsa di Regeni, 5 anni fa, e la detenzione egiziana di Zaki mostrano lo stesso problema: l‚ÄôEgitto. 
Per Giulio, Patrick e tutte le vittime del regime egiziano, ora davvero serve pi√π Europa. 

#Verit√†perGiulioRegeni #freepatrickzaki 
https://t.co/07LGiIwIqi https://t.co/Rou832fYVG",332,Bonino,PEeur,0
2021-07-19 14:42:06+00:00,1417132647541788672,"Letta ha detto che si ritira se perde alle elezioni suppletive della Camera a Siena. Lo prendiamo in parola. Faremo di tutto per lasciargli molto tempo libero, potr√† tornare nella sua tanto amata Parigi üëã‚úàÔ∏è
Il PD ""paracaduta"" qui il suo segretario, noi candidiamo un senese. https://t.co/xfFFF5j1Y2",921,Salvini,Lega,3
2021-04-14 11:05:03+00:00,1382288786575519746,"Qualcosa non ha funzionato: mascherine, ventilatori cinesi, banchi a rotelle, documenti cambiati. Ora pensiamo ai vaccini, riapriamo e poi si faccia chiarezza con una Commissione di Inchiesta #ENews #Arcuri",1789,Renzi,IV,0
2021-02-03 08:33:53+00:00,1356883596720627713,"#Salvini: se la stagione di Conte e Casalino √® stata archiviata √® stato anche grazie alla compattezza del centrodestra, oggi ci riuniremo ancora con gli alleati. #omnibusla7",1879,Salvini,Lega,3
2022-07-05 19:34:30+00:00,1544404370921558016,"Fare politica √® un dovere morale e non farla √® immorale perch√© √® nel farla che si preserva la qualit√† delle persone.
Perch√© ‚Äúnon ho votato nessuno‚Äù non vuol dire niente, anzi significa che hai votato tutti.

A #Napoli per la presentazione de ‚ÄúLa libert√† che non libera‚Äù. https://t.co/ehiRGh6fWB",103,Calenda,Azione,0
2021-12-31 09:56:42+00:00,1476854820967493633,@veighp Documento su sito @Azione_it e rapporto su politica industriale al Parlamento Europeo,9,Calenda,Azione,0
2022-11-22 09:11:17+00:00,1594981836303867905,"Il modo migliore per ricordare Roberto Maroni √® dire la verit√†: al di l√† delle differenze politiche, √® stato un vero uomo di Stato. E in Italia non √® cosa da poco.",3486,Calenda,Azione,0
2022-04-03 14:57:01+00:00,1510632467702726656,"Richiesta internazionale per aumentare #spesemilitari ?
Ci sono tantissimi altri impegni internazionali assunti dall‚ÄôItalia che non vengono rispettati: dagli investimenti per #scuola e #ricerca all‚Äôambiente.
Cominciamo da questi.
@SkyTG24 #Agenda 
#SinistraItaliana https://t.co/cHg3N3HgnB",172,Fratoianni,EV,0
2022-06-22 10:33:21+00:00,1539557146211274754,"@noiconlitalia_ non ha dubbi da che parte stare: aiutare l‚Äô#Ucraina vuol dire aiutarla a esistere in modo che non si possa mai quello che si diceva degli antichi Romani: ‚ÄúDesertum fecerunt et pacem appellaverunt‚Äù, come i la devastazione russa, purtroppo, non fa ben sperare. https://t.co/xGc0tG5Amc",2,Lupi,NcI,3
2021-07-30 07:58:16+00:00,1421017282592006145,Per mia curiosit√† personale hai rivolto la stessa domanda a Speranza?,105,Calenda,Azione,0
2022-08-25 10:14:14+00:00,1562745156129894405,Aiutiamo #Draghi a implementare subito il  piano sulla riduzione dei costi energetici. Disponibile a incontrarci immediatamente. Tocca a noi. @EnricoLetta @GiorgiaMeloni @berlusconi @GiuseppeConteIT @matteosalvinimi,757,Calenda,Azione,0
2021-08-23 07:42:13+00:00,1429710555661668356,".@gualtierieurope bene che finalmente, dopo il mio intervento, ti occupi di musei. Ieri ho addirittura promosso il tuo post. Ma il gradasso della serie ‚Äúio sono la cultura‚Äù anche no. Ti allego il tuo inesistente programma sui musei presentato gioved√¨ scorso. https://t.co/vI02mOqsR5",567,Calenda,Azione,0
2021-01-05 12:27:18+00:00,1346433088247787520,"In questo momento la priorit√† sono i vaccini, punto. Mesi fa avevo chiesto un piano vaccinale per tempo, senza che a gestirlo fosse sempre e soltanto il commissario Arcuri, ribattezzato Superman dal Governo. #Vaccinareh24 si pu√≤ e si deve
#5Domande #Enews https://t.co/AZbh7epm1l https://t.co/m8hhFBny7j",461,Renzi,IV,0
2021-02-26 10:50:23+00:00,1365252868614332417,"Io sono per il #votoai16enni. Partecipo ad assemblea con gli studenti del Liceo Da Vigo di Rapallo. Ne discutiamo, la questione √® divisiva. Met√† favorevole, met√† pi√π scettica. Ma che bella discussione e che fantastica generazione. Dobbiamo avere pi√π fiducia in loro. La meritano.",1187,Letta,PD,0
2021-08-22 15:03:27+00:00,1429459206151749639,@nnamobbene No siete tutti coltissimi. A patto di non presumere che non lo siano gli altri. Perch√© altrimenti non capite il senso della parola cultura.,4,Calenda,Azione,0
2022-06-28 10:18:46+00:00,1541727800251613184,"Non ho ben capito quando avresti dimostrato una qualsiasi capacit√† di Governo. Cosa hai governato? Perch√© √® del tutto legittimo prendere posizione anche duramente contro il Governo, ma dare dell‚Äôincapace a Draghi, non avendo gestito mai nulla √® un poco fuori misura.",1960,Calenda,Azione,0
2021-05-27 17:57:32+00:00,1397975271903535106,Ottimi presupposti della Lamorgese sul fronte immigrazione ü§¶üèº‚Äç‚ôÄÔ∏è https://t.co/OvIbuIS0WU,1176,Meloni,FdI,3
2021-06-22 17:59:21+00:00,1407397811415666696,"Essendo stato per cinque anni in tre consigli EU su Commercio, Competitivit√† ed Energia, se vuoi ti spiego come evitare la figuraccia che hai fatto sulle richieste per Roma nel Recovery Fund. Dove hai inserito opere non finanziabili. A presto.",916,Calenda,Azione,0
2022-11-14 12:56:09+00:00,1592139322358386688,"Paderno Dugnano, all'inaugurazione del prolungamento della Tangenziale Nord di Milano, un‚Äôopera fondamentale per la viabilit√† milanese e che durante la realizzazione ha dato lavoro a pi√π di mille persone, avanti cos√¨! 
(1/2) https://t.co/L15FeH5HaP",536,Salvini,Lega,3
2022-05-30 18:22:30+00:00,1531340289801129985,"Con @BeppeSala e @YoramGutgeld abbiamo esperienze diverse. Ma condividiamo un principio: i numeri sono fondamentali. Basta populisti! Per fare politica occorre conoscere i dati, studiare, documentarsi. Abbiamo fatto tanto, insieme, in passato. E il meglio deve ancora venire https://t.co/F3RzzxFEHY",546,Renzi,IV,0
2022-07-03 18:15:07+00:00,1543659616587980806,"Per quanto ci riguarda, nel futuro dell‚ÄôItalia e dell‚ÄôOccidente non c‚Äô√® spazio per imposizioni e umiliazioni per le donne.",337,Salvini,Lega,3
2022-06-02 15:27:52+00:00,1532383505564454916,"Sottoscrivo, e non vedo l‚Äôora di votare 5 S√å per cambiare la Giustizia italiana domenica 12 giugno.
#johnnydepp @iodicosi_ #referendumgiustizia",227,Salvini,Lega,3
2021-03-03 18:59:47+00:00,1367187970483232770,"La mia solidariet√† a #Orban e agli amici ungheresi. Senza #Fidesz il PPE sar√† ancora pi√π subalterno alla sinistra, allontanando la prospettiva di un bipolarismo europeo e di un centrodestra maturo e protagonista. Ci faremo carico di questa missione.",710,Meloni,FdI,3
2021-08-18 13:55:21+00:00,1427992516670992391,"Non mi sono pentita affatto di aver sostenuto all'epoca la missione in Afghanistan, nonostante¬†quel che sta accadendo¬†sia una delle pi√π grandi d√©b√¢cle della storia degli USA, il segnale di un disinteresse americano oramai irreversibile sullo scacchiere internazionale.",107,Bonino,PEeur,0
2021-05-07 09:16:49+00:00,1390596470022328320,@giallideilimoni Verifica le competenze attribuite alla Regione che impattano sulla citt√† di Roma. Poi verifica come sono state svolte. Poi torna qui e spiegami dove Zingaretti ha fatto cose positive su Roma. Questo √® il processo che dovrebbe seguire un cittadino consapevole. Poi c‚Äô√® il tifo.,11,Calenda,Azione,0
2022-11-04 19:08:55+00:00,1588609253614288896,"Ripetere quello che gli elettori vogliono sentirsi dire, questa √® la strategia politica italiana praticamente degli ultimi 30 anni‚Ä¶

#Pavia #lalibert√†chenonlibera https://t.co/qPjFjyTJrg",341,Calenda,Azione,0
2022-01-06 15:05:47+00:00,1479106931004362756,"#Kazakistan Un bilancio sempre pi√π drammatico per le rivolte del gas. 12 poliziotti morti, 1000 feriti, 2000 arresti. Auspichiamo una soluzione pacifica. Subito stop alle violenze, anche da parte del governo kazako nel reprimere le proteste. L'Ue favorisca un dialogo tra le parti",37,Tajani,FI,3
2021-06-10 16:36:40+00:00,1403028352282333184,"Gli ultimi dati ci dicono che l‚Äô#export italiano √® aumentato, √® il momento di accelerare e dare il massimo. 
Oggi a Kiev per creare nuove opportunit√† per le nostre imprese: https://t.co/IFMyWiIgtY",234,Di Maio,M5S,0
2022-11-05 18:00:25+00:00,1588954402290745344,Perch√© se avessimo seguito questa linea Putin sarebbe a Kiev. E voi avreste la pace che in fondo volete. Quella che non chiede sacrifici per noi e che non riconosce il diritto agli ucraini di combattere per la loro libert√†. Ps poi per√≤ lasciate stare i valori della resistenza,1144,Calenda,Azione,0
2022-04-16 12:42:23+00:00,1515309630083289092,Onore a questo imprenditoreüëèüèªüëèüèª https://t.co/fvbHgGhpKT,688,Salvini,Lega,3
2022-03-13 16:02:05+00:00,1503038696550973442,"Una preghiera per il reporter americano Brent Renaud, assassinato dalle forze russe.
#StopWar https://t.co/l5Q7jetWnC",1104,Salvini,Lega,3
2022-09-05 11:30:53+00:00,1566750714256293888,"- Mondadori Edizioni Piemme: https://t.co/PQOQA9Flg0
Lavoriamo per un'Italia che sia unita e coesa, un'Italia forte e leader a livello internazionale.
Il #25settembrevotoLega, io ci #Credo!
(3/3)",77,Salvini,Lega,3
2021-12-07 17:57:46+00:00,1468278577435140096,Belle le immagini di Milano con La Scala che applaude il Presidente Mattarella. Sembrano lontani i tempi in cui qualcuno lo riteneva non all‚Äôaltezza o altri volevano metterlo in stato di accusa. Oggi tutti insieme possiamo dire: grazie Presidente #GraziePresidente,1887,Renzi,IV,0
2021-08-14 20:16:40+00:00,1426638926807277570,"Buonasera Amici, qui Le Castella di Isola di Capo Rizzuto (Crotone). Prosegue la raccolta firme dei #referendumgiustizia. Avanti tutta! https://t.co/HZR2YIdy6K",438,Salvini,Lega,3
2021-01-05 21:07:00+00:00,1346563876721192960,"La mia intervista al #Tg2.

#5gennaio #Governo #RecoveryPlan #centrodestra https://t.co/fHA2aStftC",40,Tajani,FI,3
2022-10-20 19:25:26+00:00,1583177589723566081,"I fatti in politica contano sempre. 

Il servizio del TG4. https://t.co/SRgMCnXcZJ",1682,Berlusconi,FI,3
2022-06-22 17:15:03+00:00,1539658235279712256,"Bene l'Europa che si apre a Ucraina, Moldavia e Balcani occidentali, ma dobbiamo sostenere famiglie e imprese, risolvere la crisi alimentare e quella energetica con un tetto al prezzo del gas come chiede @Forza_Italia. Il mio intervento in aula all'@Europarl_IT ‚§µÔ∏è https://t.co/5y01257NUv",23,Tajani,FI,3
2021-06-12 17:03:20+00:00,1403759837679341568,"Mi ricorder√≤ di questa risposta quando da sindaco vi chieder√≤ maggiore solerzia nei controlli su abusivi, doppia fila, prodotti contraffatti etc. manca poco.",1128,Calenda,Azione,0
2022-09-28 17:20:10+00:00,1575173534799699968,"@fr4nthe1 Certo, basta poi assumersene la responsabilit√†",87,Calenda,Azione,0
2022-01-08 14:13:14+00:00,1479818482212642816,"Pienamente d‚Äôaccordo con le parole del professor Giulio Tremonti. 
C‚Äô√® la sensazione che il Governo sia del tutto indifferente alle sofferenze dei cittadini italiani. https://t.co/gegH8VC5YT",1999,Meloni,FdI,3
2022-07-29 13:00:38+00:00,1553002560369336321,"Mentre a sinistra gettano fango, la Lega non molla su temi concreti: nel prossimo Decreto, a dimostrazione che elezioni anticipate non bloccano il Paese, lavoriamo per confermare gli sconti su carburanti e bollette e insistiamo per azzeramento dell‚ÄôIva su beni di prima necessit√†.",811,Salvini,Lega,3
2022-08-26 13:55:46+00:00,1563163294177042434,"#AlleanzaVerdiSinistra presenta un esposto contro le compagnie energetiche per il mancato pagamento delle tasse - 
#extraprofitti #energia
#UtiliallItalia 

Citta della Spezia https://t.co/mz3UrkKQy8",36,Fratoianni,EV,0
2022-02-24 07:23:15+00:00,1496747537771941888,"Per quanto concerne @Azione_it ogni considerazione politica, incompatibilit√†, agenda di alleanze, polemica etc. cade in questo momento. Siamo con il Governo e con tutti i partiti che ne fanno parte LEALMENTE. Avanti con forza e compattezza.",491,Calenda,Azione,0
2022-06-11 12:35:28+00:00,1535601611250229248,"Il tempo √® finito, la casa brucia. Difendere l‚Äô#ambiente √® nostro interesse nazionale. Lo sa chi gi√† vive le conseguenze del #climatechange sulla sua vita e il suo lavoro. Lo sanno i pi√π #giovani, che non possiamo pi√π tradire. Lo scrivo oggi su @LaStampa https://t.co/XNPhkIQkzZ https://t.co/GUZj9mRW5f",328,Letta,PD,0
2021-10-05 15:24:21+00:00,1445409533711486985,"Non ci sono parole. Mi stringo al dolore dei familiari della vittima e alle due ragazze ferite. Mi auguro che il responsabile di questa bestialit√† sconti una pena esemplare. 

Giustizia per Carmen De Giorgi! https://t.co/HDGNHKN66h",526,Meloni,FdI,3
2021-10-21 09:03:46+00:00,1451111962528649221,Il gruppo di @FratellidItalia si √® dimostrato compatto contro tutti i totalitarismi a differenza dei gruppi di sinistra che in Europa non hanno voluto votare contro tutti i totalitarismi https://t.co/pzt9V3z7c2,147,LaRussa,FdI,0
2022-08-30 10:07:32+00:00,1564555409079369731,Durante il mio intervento a Radio Anch'io di questa mattina ho ribadito che sulla crisi energetica la strada migliore sarebbe quella di trovare tutti insieme una soluzione possibile. https://t.co/ew3WlrzRl8,122,LaRussa,FdI,0
2022-02-08 19:24:57+00:00,1491130951669190656,"La tutela dell‚Äô#ambiente √® ora nella nostra #Costituzione ‚Äúanche nell‚Äôinteresse delle future generazioni‚Äù. Il voto di oggi √® stato un momento unitario importante, il Parlamento modificando gli articoli 9 e 41 della Carta ha scelto di difendere il pianeta e il nostro domani.",1025,Letta,PD,0
2022-08-19 13:37:01+00:00,1560621861272096768,"Si tratta di una situazione potenzialmente disastrosa, frutto anche di una timidezza d‚Äôazione che a livello europeo non ha aiutato a raggiungere obiettivi importanti su cui il @Mov5Stelle da mesi ha alzato la voce, invitando il Governo a fare tutto il possibile.",557,Conte,M5S,0
2022-09-11 07:31:27+00:00,1568864786867437568,Ognuno di noi ricorda esattamente cosa stesse facendo l'#11settembre di 21 anni fa quando gli Stati Uniti subirono il pi√π vile degli attacchi terroristici. Furono ore che cambiarono il corso della storia contemporanea e del mondo occidentale. https://t.co/72nnhxDgTC,64,Tajani,FI,3
2021-06-12 10:01:57+00:00,1403653791203926020,"Il profilo di questo anonimo ‚Äúsignore‚Äù √® ancora attivo, dopo mesi dalla denuncia di queste minacce deliranti e vomitevoli, a una bimba di 8 anni, e la ‚Äúgiustizia‚Äù italiana non ha ancora fatto e ottenuto nulla. https://t.co/dZ5syjtRqu",1068,Salvini,Lega,3
2022-08-27 16:39:06+00:00,1563566785625935874,"Io ho sempre difeso l‚Äôinteresse nazionale italiano, nel mio Paese e nel mondo, a testa alta.
A prendere i soldi dei russi per anni sono stati i comunisti tanto cari a Saviano, non certo i leghisti.
(1/3) https://t.co/QSHV0VH5LX",1018,Salvini,Lega,3
2021-01-03 20:57:49+00:00,1345836788871553027,"Dopo Catania, sabato prossimo sar√≤ in tribunale a Palermo per un altro processo, quello sul caso della Ong spagnola Open Arms (la stessa che in queste ore pretende di far sbarcare in Italia altri 265 immigrati clandestini). https://t.co/f0bHVfD0Su",837,Salvini,Lega,3
2022-11-10 11:05:37+00:00,1590661953609166848,"Credo che il risultato delle elezioni americane ci indichi che in America stia tornando il bel conservatorismo di stampo reaganiano, il populismo sguaiato di Trump non piace pi√π.
Una lezione anche per l'Italia.

La mia intervista di oggi a La Repubblica https://t.co/8lixjd5brN",31,Lupi,NcI,3
2021-10-27 14:26:02+00:00,1453367387659677701,Su #DdlZan come temevo l'iter si √® bloccato. L'aula del Senato ha votato a scrutinio segreto a favore della cosiddetta ‚Äòtagliola‚Äô chiesta da Lega e FdI. Io ho votato contro. Pur se imperfetto sarebbe dovuto andare avanti. Per questo continuiamo a lottare per la difesa dei diritti https://t.co/ngs3sDIidf,777,Bonino,PEeur,0
2022-07-29 09:58:02+00:00,1552956608140959745,"Ci tengo a essere sincero con tutti voi: vi spiego quello che √® successo in questi giorni, quello che siamo e quello che non siamo. Abbiamo le idee chiare per l'Italia https://t.co/O6cA54X6cp",1720,Conte,M5S,0
2022-09-15 11:03:43+00:00,1570367756029120514,"""La pi√π grande sofferenza √® essere soli"". Don Puglisi ha sfidato la mafia ed √® stato ucciso 29 anni fa. Ci ha insegnato che per combattere la criminalit√† √® necessario battersi affinch√© nessuno sia dimenticato e resti indietro. Non lasciamo cadere il suo monito. https://t.co/yWGUDEo6Pp",1332,Conte,M5S,0
2021-12-08 14:10:58+00:00,1468583889304174601,"La scarcerazione di Zaki √® un piccolissimo spiraglio. E a me parrebbe meno piccolo se riuscissimo a partire da l√¨ per fare un passo ulteriore e aprire il dossier Egitto: arresti di massa, torture, diritti negati, tutto dopo la presa del potere di al Sisi.
https://t.co/2r2tVCmsGr",212,Bonino,PEeur,0
2021-06-19 18:22:59+00:00,1406316599112617986,"Preoccupato per sentenza Tar su #Report. La tutela delle fonti √® fondamento del giornalismo libero e d‚Äôinchiesta. Certo che Rai e Report vinceranno ricorso al Consiglio di Stato. Giusta protesta di @Fnsi ed @USIGRai.
@RaiTre @reportrai3",402,Fratoianni,EV,0
2021-10-01 18:03:39+00:00,1444000071419371521,Mancano poche ore e la Calabria potr√† riprendere il suo sogno.  Parliamo di un grande progetto e di una grande speranza per la Calabria. https://t.co/ayrjazf0Hq,125,Berlusconi,FI,3
2021-11-25 10:49:26+00:00,1463822129418457089,"Deprimente √® la banalit√† di questo tweet. Non siamo mai stato moderati nelle idee, nei toni e nelle proposte. Non credo che l‚ÄôItalia abbia bisogno di moderazione. Ci√≤ premesso i temi sono etici e politici, non personali. Descriverli cos√¨ √® un modo ipocrita per non affrontarli.",276,Calenda,Azione,0
2022-03-05 12:11:44+00:00,1500081625463463940,Quando l‚ÄôEuropa agisce unita riesce a ottenere dei risultati. E ora sta facendo tantissimo. In Italia non valorizziamo ancora il grande accordo sullo status di #Rifugiati temporanei concesso a tutti quelli che fuggono dall‚Äô#Ucraina. Invece √® una bella svolta nella politica üá™üá∫.,955,Letta,PD,0
2021-05-23 16:02:57+00:00,1396496882541682688,Grande dolore per la tragedia di Stresa. Siamo vicini alle famiglie di chi ha perso la vita nell‚Äôincidente della #funivia. Grazie ai soccorritori.,578,Calenda,Azione,0
2021-04-12 19:33:42+00:00,1381692020243247104,"Il tutto nell'ambito delle inchieste, meritorie, sui ""LADRI DI CASE"".
Una giornalista √® finita in ospedale, 20 giorni di prognosi: il mio abbraccio e i miei auguri di pronta guarigione.",829,Salvini,Lega,3
2022-10-31 20:06:36+00:00,1587174218051067905,Questa sera dalle 21:30 sar√≤ in diretta a @QRepubblica su @rete4. Vi aspetto! https://t.co/F50vSvtpig,100,Tajani,FI,3
2021-06-10 10:17:28+00:00,1402932922571702273,"Oggi la prima udienza del processo per l‚Äôomicidio del giovane e coraggioso #WillyMonteiro. Chi ha spento per sempre il suo sorriso deve pagare per questo orrendo crimine. 
Tutta l‚ÄôItalia chiede Giustizia per Willy https://t.co/VTzY9zC0iP",602,Meloni,FdI,3
2022-08-18 14:52:55+00:00,1560278573734580225,"Gli agenti hanno tutte le ragioni per protestare e chiedere maggiori attenzioni e tutele. Anche per questo, la Lega valuta con attenzione la candidatura di un rappresentante della Polizia Penitenziaria in una regione del Sud. Io ci #Credo. #25settembrevotolega 
(2/2)",161,Salvini,Lega,3
2022-12-06 08:45:33+00:00,1600048791184285696,"‚Ä¶rispetto dell'Ambiente.
Ottima l'apertura di Bruxelles, avanti per l'Italia dei S√¨! (2/2)",159,Salvini,Lega,3
2022-05-13 14:25:56+00:00,1525120159580553219,"Siamo ancora pi√π determinati a lavorare per il bene del territorio e aspettiamo le scuse di tutti quegli esponenti di sinistra che per troppo tempo hanno insultato e oltraggiato una persona perbene, la Lega e le istituzioni lombarde. (2/2)",180,Salvini,Lega,3
2022-06-03 13:43:06+00:00,1532719528446242823,"Approfondita, meditata e obiettiva analisi del Foglio: ‚ÄúSalvini merda‚Äù, anzi ‚ÄúSalvini merdina‚Äù.
Se questo √® giornalismo‚Ä¶
P.S. I loro insulti quotidiani mi regalano sorrisi e voglia di impegnarmi ancora di pi√π!üòäüí™ https://t.co/wdFYo7ez6L",597,Salvini,Lega,3
2022-09-01 10:00:38+00:00,1565278451359260673,"A Cosenza oltre 200 arresti tra amministratori locali, imprenditori ed esponenti criminalit√† organizzata. Grazie a magistrati e forze dell‚Äôordine. Per il @Mov5Stelle il contrasto a mafie e corruzione √® un‚Äôurgenza: orgogliosi di essere alfieri della legalit√†. #dallapartegiusta https://t.co/s8oINUr9wb",1713,Conte,M5S,0
2022-06-16 05:57:16+00:00,1537313337566015488,"Esiste una responsabilit√† dei cittadini sulla qualit√† dei politici che votano. Se una citt√† ricorda unanime Falcone e Borsellino e due settimane dopo vota per una coalizione costruita da due condannati in via definitiva per favoreggiamento a un mafioso e associazione esterna 
1/2 https://t.co/mRDsCbBKd7",471,Calenda,Azione,0
2021-08-10 15:59:22+00:00,1425124623872675848,@TheG_Ralpha @pontrafab Perch√© quello di Draghi √® un governo istituzionale fatto in un momento di emergenza,13,Calenda,Azione,0
2022-02-05 16:49:28+00:00,1490004659045642243,"Nostre sedi e nostri militanti oggetto di intimidazioni intollerabili. Solidariet√†, affetto e vicinanza al ‚Å¶@pdparma‚Å© e a chi sta subendo in queste ore da parte di sedicenti estremisti #NoVax provocazioni inaccettabili. https://t.co/2sjAHZr2jX",768,Letta,PD,0
